sample_#,Site,Sub_Site,tin_mass,tin_wet_soil,tin_dry_soil,ProportionDrySoil,mi_g,mi_dry_g,mf_g,mf_dry_g,ph_mass,cation_tin,MicrobialBiomass_Initial_Nitrate,Nitrogen_Percent,Carbon_Percent,TOC_MIB,MicromolCO2_hr_g dry soil,MicromolCO2_hr_g soil C,DryMg_ppm,DryK_ppm,DryNa_ppm,BaseCatSum_ppm,avgpH,DryCa_ppm,CECapprox,BaseSatApprox,BaseSatMeasured,Acer_pensylvanicum,Acer_platanoides,Acer_rubrum,Acer_saccharum,Betula_alleghaniensis,Betula_lenta,Betula_papyrifera,Carpinus_caroliniana,Fagus_grandifolia,Fraxinius_americana,Fraxinus_pennsylvanica,Ostrya_virginiana,Populus_tremuloides,Prunus_serotina,Quercus_rubrum,Ulmus_americana,Unknown,ResinNitrate_ugNo3_mL,ResinAmmonium_ugNH4_mL,Nitrate_Initial,Nitrate_Final,Nitrification,Ammonium_Initial,Ammonium_Final,Q10,R20,data.Plot,Biomass,BA,Biomass_Pi,BA_Pi,SoilMoisture_Mean,asymp.k,A,AvgSM_DBH,dAIC_A,dAIC_S,MacroFraction,MicroFraction,S+CFraction,FineRootFraction,SM_prop,,MicroFraction,avgpH,DryCa_ppm,A,Carbon_Percent
1,Lower,LowerA,1.27,10.88,8.6,0.762747138,8.83,6.735057232,9.15,6.979136313,10.5,12.32,40.68460664,0.222097993,2.856096029,0.339438894,0.140566711,72.26383368,82.67831978,189.1413478,144.3092621,912.7494997,4.70666667,496.62057,31.8044982,0.134713593,0.051143656,0,0,0.066666667,0.133333333,0,0.2,0.066666667,0.133333333,0.133333333,0,0,0.133333333,0,0,0.133333333,0,0,0.874194766,10.21191098,,,,,,1.4821902,4.046814,1,2247.527715,2532.253,0.267159783,0.268363579,35.2,2.520791539,0.471442009,38.1,0,,0.753600925,0.121136439,0.047076313,0.002582756,0.13333333,,0.121136439,4.70666667,496.62057,0.471442009,2.856096029
2,Lower,LowerA,1.29,11.18,9.02,0.781597573,8.59,6.713923155,8.49,6.635763395,10.92,12.03,42.60778318,0.260153115,3.304388285,0.24570278,0.060294798,28.19542473,35.68890535,186.4236969,110.7058325,736.4025643,4.85666667,403.5841295,28.99466734,0.112940333,0.02392958,0,0,0.1,0,0.2,0,0,0.3,0.1,0.1,0,0.2,0,0,0,0,0,0.721475351,6.565927304,,,,,,2.2252457,3.637478,2,0,0,0,0,31.45,1.179789342,0.641084904,,0,,0.622590628,0.151886236,0.086280578,0.001626221,0.18181818,,0.151886236,4.85666667,403.5841295,0.641084904,3.304388285
3,Lower,LowerA,1.27,9.88,6.99,0.664343786,9.66,6.417560976,8.47,5.626991867,7.71,12.31,80.63901893,0.334812403,4.317772388,0.447331843,0.038375917,12.06313717,37.14061087,207.1625181,287.005522,1020.385544,5.24333333,489.0768927,25.61392563,0.17701018,0.017518973,0,0,0.3,0,0,0,0,0.1,0.2,0,0,0.2,0.1,0,0,0.1,0,1.033671678,7.260400384,,,,,,2.3480199,6.966224,3,0,0,0,0,30.3375,0.462593477,0.362458161,,1.85002535,,0.705585242,0.128517812,0.058390585,0.002289628,0.2,,0.128517812,5.24333333,489.0768927,0.362458161,4.317772388
4,Lower,LowerA,1.27,9.67,7.18,0.703571429,8.36,5.881857143,8.27,5.818535718,8.51,13.22,46.7462449,0.371695548,5.625826359,0.328511581,0.040649596,10.3249517,83.40652932,229.2597236,357.5532789,1668.562067,5.3,998.3425356,28.22919201,0.277343822,0.07913654,0,0,0.2,0,0,0,0.1,0.3,0.2,0,0,0.2,0,0,0,0,0,0.973304711,5.950371619,1.318009105,2.455141407,1.137132302,47.56583469,55.60378246,1.7229654,4.028456,4,0,0,0,0,28.5125,1.539747462,0.846521405,,0,,0.636551041,0.167859267,0.053145028,0.0014062,0.2,,0.167859267,5.3,998.3425356,0.846521405,5.625826359
5,Lower,LowerA,1.27,10.35,8.02,0.74339207,8.68,6.452643172,8.31,6.177588102,10.09,12.08,46.43432629,0.351182073,5.343995094,0.477996351,0.034082995,9.539324007,132.0916676,241.1275531,251.8489839,2094.574267,5.38666667,1469.506062,29.52156553,0.344208222,0.083622874,0,0,0.307692308,0.384615385,0,0,0,0.076923077,0.076923077,0.076923077,0,0,0,0,0,0.076923077,0,0.979161208,7.16569951,3.076880156,10.37387261,7.296992458,42.84829902,33.70959115,1.6682623,4.010415,5,1129.293509,1650.855,0.111380029,0.155550674,32.23333,1.0942742,0.734870812,18.6,0,,0.752170435,0.131841159,0.03156058,0.002842858,0.15384615,,0.131841159,5.38666667,1469.506062,0.734870812,5.343995094
6,Lower,LowerA,1.26,10.27,7.89,0.735849057,8.49,6.247358491,7.93,5.835283022,8.26,14.11,41.23817407,0.38183108,5.636248589,0.396200189,0.022959071,6.192745312,157.1391737,187.5510895,97.21722219,1818.21435,5.64,1376.306864,25.41461124,0.357849709,0.052566115,0,0,0.272727273,0.545454545,0,0,0,0,0,0.090909091,0,0,0,0,0.090909091,0,0,0.023200737,9.406953541,26.27083802,27.8457796,1.574941579,36.59598239,46.2091371,1.356906,6.98905,6,598.4541339,1044.8036,0.087312371,0.13598514,26.8,2.751973588,0.873415176,14.3,0,,0.800557994,0.109028213,0.027241379,0.000882656,0.18181818,,0.109028213,5.64,1376.306864,0.873415176,5.636248589
7,Lower,LowerA,1.27,13.13,9.7,0.71079258,8.39,5.963549747,8.16,5.800067453,10.33,13.1,43.2323002,0.361290395,4.723690987,0.328425297,0.050782473,15.44335197,143.8378535,180.9197827,106.3216671,2085.091445,5.96333333,1654.012142,22.83487452,0.455219251,0.080602394,0,0,0.25,0.416666667,0,0,0,0,0.083333333,0.083333333,0,0.083333333,0,0.083333333,0,0,0,0.764723327,8.680913503,,,,,,1.3887714,3.746054,7,208.9183542,423.21705,0.070571327,0.097909349,40.6875,2.753738169,0.828048684,9.86,0,,0.771639392,0.132597896,0.025920514,0.00130305,0.16666667,,0.132597896,5.96333333,1654.012142,0.828048684,4.723690987
8,Lower,LowerA,1.26,9.8,7.55,0.736533958,8.55,6.29736534,8.52,6.275269322,8.49,13.2,43.30302072,0.412316144,6.065692902,0.298712341,0.023192416,5.657678742,62.41224891,199.3942125,85.46615418,936.0120468,5.20333333,588.7394312,25.90665846,0.167781515,0.023382959,0,0,0.333333333,0,0,0,0.111111111,0.111111111,0,0,0,0.222222222,0.111111111,0,0.111111111,0,0,0.968349214,5.997722057,27.19877959,26.56681913,-0.631960465,31.20923512,58.22482959,1.5365373,4.047009,8,0,0,0,0,33.575,1.176474774,0.813541724,,0,,0.727843866,0.11641095,0.031449814,0.001265557,0.22222222,,0.11641095,5.20333333,588.7394312,0.813541724,6.065692902
9,Lower,LowerA,1.3,9.64,8.02,0.805755396,8.64,6.961726619,10.02,8.073669068,8.64,13.24,38.46728532,0.218266755,3.817493439,0.160648954,0.028441418,11.85013548,79.89828155,162.4359989,90.54907546,852.3336282,5.21666667,519.4502723,25.47326453,0.159903516,0.022488924,0,0,0.25,0,0,0.5,0,0.125,0,0,0,0,0,0,0.125,0,0,0.764272827,7.544503008,,,,,,1.2612667,5.487063,9,0,0,0,0,29.4875,0.66293237,0.427794795,,0,,0.717681555,0.120272758,0.063368565,0.003782122,0.25,,0.120272758,5.21666667,519.4502723,0.427794795,3.817493439
10,Lower,LowerA,1.28,8.85,6.14,0.642007926,8.5,5.457067371,9.79,6.285257596,9,13.7,56.42408719,0.347051352,6.044190884,0.26365292,0.040985273,8.968034525,149.671671,196.4279516,87.4260732,2098.600783,6.21333333,1665.075087,19.89641418,0.525542645,0.117848861,0,0,0,0.2,0,0,0,0.4,0,0,0,0.2,0,0,0.2,0,0,0.691742367,16.57265305,18.98611131,28.1683923,9.182280998,11.93822616,3.534984838,1.713942,4.682683,10,147.7126814,248.7194,0.176835551,0.183100057,42.5625,3.703352217,0.891820656,17.8,0,,0.791456954,0.094882601,0.040228778,0.001384548,0.4,,0.094882601,6.21333333,1665.075087,0.891820656,6.044190884
11,Lower,LowerA,1.28,8.58,6.39,0.7,7.48,5.236,8.94,6.258,8.43,13.67,59.66952456,0.390160352,4.875949383,0.319810054,0.062893555,18.10336756,180.3335221,178.1109567,80.0260615,2370.094969,6.49,1931.624429,18.08553565,0.661608032,0.12920655,0,0,0.111111111,0.333333333,0,0,0,0.111111111,0,0.222222222,0,0,0.111111111,0,0,0.111111111,0,0.767876825,16.07547346,,,,,,1.5049035,4.304499,11,193.6491669,336.8121,0.028417989,0.045349571,47.53333,2.42987833,0.861713289,10.13,0,,0.745305057,0.151631321,0.047918434,0.001347836,0.22222222,,0.151631321,6.49,1931.624429,0.861713289,4.875949383
12,Lower,LowerA,1.31,8.24,6.29,0.718614719,8.05,5.784848485,9.15,6.575324679,7.5,13.87,39.8150148,0.281434834,3.571756124,0.114855443,0.081060821,33.80839939,112.2762965,167.9942305,70.60124284,1579.404979,5.71,1228.533209,23.29601821,0.335508761,0.090410289,0,0,0.333333333,0.111111111,0,0,0,0,0,0.444444444,0,0,0,0.111111111,0,0,0,0.693544366,18.5771549,,,,,,1.3824233,3.105974,12,76.72364006,145.1936,0.018641752,0.026459182,44.3,2.926893158,0.830424021,13.6,0,,0.80974579,0.094391484,0.022281538,0.001773729,0.22222222,,0.094391484,5.71,1228.533209,0.830424021,3.571756124
13,Lower,LowerA,1.3,9.87,7.9,0.770128355,7.41,5.706651109,7.99,6.153325556,10.4,11.82,56.33230338,0.410588503,6.730515003,0.539275028,0.050260943,11.43879377,99.42637915,215.2213572,86.39060935,1183.601694,4.52,782.5633487,35.42883088,0.160006152,0.035607988,,,,,,,,,,,,,,,,,,0.86653627,7.362992998,,,,,,1.5014096,6.290644,,,,,,35.94286,0.114271111,NA,,2.933340462,,0.686843533,0.173382575,0.075037685,0.002166166,0.18181818,,0.173382575,4.52,782.5633487,NA,6.730515003
14,Lower,LowerA,1.29,8.19,5.88,0.665217391,8.98,5.973652174,9.35,6.219782606,7.83,13.1,36.9488719,0.40519008,4.91344738,NA,0.072694906,19.73311466,87.17978563,147.3030356,163.3068167,1797.135276,6.70666667,1399.345638,12.33095609,0.714539576,0.050118181,,,,,,,,,,,,,,,,,,0.737693342,11.28518755,,,,,,1.6498917,3.626432,,,,,,49.74286,2.973687154,0.884282416,,0,,0.83829253,0.087602009,0.012090395,0.001753841,0.14285714,,0.087602009,6.70666667,1399.345638,0.884282416,4.91344738
15,Lower,LowerA,1.29,14.77,11.65,0.768545994,8.05,6.186795252,8.65,6.647922848,10.58,12.67,46.45112418,0.244352445,3.598845243,0.083428173,0.05803701,24.87477121,60.82068407,147.2476423,71.28982635,1152.997452,5.48666667,873.639299,23.72254931,0.234483625,0.04829218,,,,,,,,,,,,,,,,,,0.843560783,8.396810879,,,,,,0.8569656,3.250763,,,,,,31.1125,1.968004635,0.782065698,,0,,0.712538026,0.151330152,0.061804354,0.00082459,0.16666667,,0.151330152,5.48666667,873.639299,0.782065698,3.598845243
16,Lower,LowerA,1.29,10.83,7.97,0.700209644,7.63,5.342599581,8.94,6.259874217,9.87,12.25,59.07816951,0.240279108,3.116685867,0.272096862,0.106585703,47.8921138,222.9870893,138.9478551,121.8690261,1094.695068,6.28666667,610.8910976,14.35882307,0.403850865,0.033779055,,,,,,,,,,,,,,,,,,0.780490818,10.48812186,,,,,,0.7633743,2.072866,,,,,,30.4,1.853152921,0.710997363,,0,,0.773504644,0.107210526,0.049560372,0.001080717,0.125,,0.107210526,6.28666667,610.8910976,0.710997363,3.116685867
17,Lower,LowerA,1.29,11.78,8.54,0.691134414,8.74,6.040514776,9.15,6.323879888,10.55,11.84,54.43462025,0.366981298,4.848063469,NA,0.081244445,23.73175503,116.4585551,180.9562162,103.2276677,2344.765526,6.48333333,1944.123087,17.80390968,0.65176188,0.107419678,,,,,,,,,,,,,,,,,,0.808872302,9.801540519,,,,,,1.9929891,8.339327,,,,,,29.65,1.11315763,0.843284262,,0,,0.772037145,0.107074869,0.045377249,0.000539773,0.11111111,,0.107074869,6.48333333,1944.123087,0.843284262,4.848063469
18,Lower,LowerA,1.29,9.69,7.31,0.716666667,9.5,6.808333333,7.93,5.683166669,9.58,12.04,34.96373854,0.255143136,3.3968997,NA,0.135680003,56.62088001,89.97830483,173.7312866,138.4938906,1741.832985,6.34,1339.629503,16.41557891,0.517531484,0.071154817,,,,,,,,,,,,,,,,,,0.715168354,7.362992998,,,,,,1.6405545,3.650987,,,,,,40.5125,2.798258834,0.802731883,,0,,0.549796126,0.202127081,0.086911315,0.000704454,0.13333333,,0.202127081,6.34,1339.629503,0.802731883,3.3968997
19,Lower,LowerB,1.31,9.38,6.59,0.654275093,7.71,5.044460967,8.19,5.358513012,9.43,12.06,59.09801106,0.332079262,4.932963848,0.271160981,0.053428512,14.10193185,47.51866382,185.262689,109.4448886,871.3559085,4.98,529.1296671,28.23251708,0.141415555,0.069938611,,,,,,,,,,,,,,,,,,0.786347315,41.68416829,18.39052435,37.13629379,18.74576944,93.67716203,82.61066975,1.611271,3.907335,,,,,,34.725,1.457576903,0.871077353,,0,,0.775088794,0.086356399,0.037688304,0.006725691,0.16666667,,0.086356399,4.98,529.1296671,0.871077353,4.932963848
20,Lower,LowerB,1.28,12.07,9.67,0.777571826,8.91,6.928164968,7.78,6.049508806,9.07,11.89,53.90230113,0.330651343,5.003951073,0.426041933,0.050517145,16.50057092,36.89541276,160.3784268,78.00959751,701.0617845,4.8,425.7783474,29.58675241,0.10770876,0.037859326,,,,,,,,,,,,,,,,,,0.892214756,27.26596014,,,,,,0.9519201,2.746181,,,,,,29.5875,0.853833693,0.775493201,,0,,0.750260664,0.129828199,0.036510664,0.004325347,0.1,,0.129828199,4.8,425.7783474,0.775493201,5.003951073
21,Lower,LowerB,1.3,10.75,8.25,0.735449735,7.7,5.662962963,7.86,5.780634917,10.85,13.14,53.64101687,0.386796266,6.232187271,0.556200256,0.057476876,13.99959111,45.43688482,158.823013,83.44958383,581.3421873,4.41,293.6327056,33.69686701,0.07765906,0.019629986,,,,,,,,,,,,,,,,,,0.774634321,24.64590261,,,,,,1.2092108,3.502195,,,,,,28.1625,0.193143885,0.503101242,,2.86351716,,0.755799072,0.106024536,0.035321618,0.002218013,0.125,,0.106024536,4.41,293.6327056,0.503101242,6.232187271
22,Lower,LowerB,1.29,8.37,6.01,0.666666667,8.32,5.546666667,7.84,5.226666669,10.48,11.11,55.4107747,0.374259502,5.928817749,0.570029239,0.048665905,10.94996008,88.94797712,189.5354294,88.30147509,706.1713093,4.19666667,339.3864277,36.94807298,0.089533032,0.026622114,,,,,,,,,,,,,,,,,,0.739495341,10.56703925,,,,,,1.7921807,3.459123,,,,,,32.15714,2.056196755,0.902349491,,0,,0.700457516,0.156133987,0.051888889,0.003449566,0.14285714,,0.156133987,4.19666667,339.3864277,0.902349491,5.928817749
23,Lower,LowerB,1.3,12.93,9.79,0.730008598,9.77,7.132184007,9.33,6.810980219,10.47,12.19,41.16523413,0.327041626,5.453828812,0.218583132,0.050743041,13.40757128,35.85512401,196.9312197,139.3270348,617.3588139,4.42,245.2454354,33.59574144,0.078454629,0.017182697,,,,,,,,,,,,,,,,,,0.706608859,23.95932127,,,,,,1.0075011,3.853745,,,,,,27.51429,1.800962921,0.836157522,,0,,0.738652953,0.146950896,0.039024552,0.001515711,0.33333333,,0.146950896,4.42,245.2454354,0.836157522,5.453828812
24,Lower,LowerB,1.29,10.47,7.7,0.698257081,8.65,6.039923747,8.48,5.921220047,10.54,11.56,39.66131446,0.489838034,7.180594921,0.52706078,0.052581483,9.965511396,62.54502052,222.0729684,136.7609862,947.8124012,4.80666667,526.4334261,30.63740645,0.140919451,0.033807705,,,,,,,,,,,,,,,,,,0.680930373,8.546753931,23.03893649,29.83438195,6.795445464,89.73248692,111.7596405,2.0442031,3.917597,,,,,,27.13333,2.100604456,0.918397509,,0,,0.738786611,0.128435146,0.041988842,0.002152704,0.15384615,,0.128435146,4.80666667,526.4334261,0.918397509,7.180594921
25,Upper,UpperA,1.29,10.99,7.27,0.616494845,7.65,4.716185567,7.14,4.401773193,8.63,12.97,42.69401985,0.752260864,11.48285675,0.795474896,0.069915438,7.623642282,53.80154179,331.0471462,224.4669367,996.5334421,4.16666667,387.2178175,38.20921727,0.110162354,0.027233731,0,0,0.583333333,0,0,0,0.166666667,0.166666667,0,0,0,0.083333333,0,0,0,0,0,0.699975924,47.53935838,,,,,,1.6785466,3.990634,25,0,0,0,0,23.4625,1.055658443,0.917552488,,0,,0.776470932,0.12150745,0.033184341,0.001629518,0.16666667,,0.12150745,4.16666667,387.2178175,0.917552488,11.48285675
26,Upper,UpperA,1.29,8.21,6.02,0.683526012,8.44,5.768959538,8.73,5.967182085,10.73,13.01,32.93180427,0.679911196,9.841170311,0.221190224,0.046636544,6.750444488,42.00889345,300.6275978,127.5143294,1437.298389,4.05666667,967.147568,41.83106203,0.155651369,0.035536857,0,0,0.428571429,0.142857143,0,0.285714286,0,0,0,0,0,0,0,0.142857143,0,0,0,0.718229786,10.25941581,,,,,,2.3898594,5.431252,26,16.31709314,40.6944,0.012282286,0.018915428,25.0875,1.458449509,0.930640594,7.2,0,,0.727907582,0.128877319,0.041688903,0.00441982,0.28571429,,0.128877319,4.05666667,967.147568,0.930640594,9.841170311
27,Upper,UpperA,1.3,12.22,8.68,0.675824176,8.71,5.886428571,9.45,6.386538463,7.2,12.7,35.15018359,0.583655655,8.818330765,0.440789963,0.058168086,9.281386083,22.89532037,249.7896449,133.8735571,554.6688506,3.97666667,148.1103283,38.43389115,0.056041455,0.01304212,0.222222222,0,0.222222222,0.222222222,0,0.222222222,0,0,0.111111111,0,0,0,0,0,0,0,0,0.766906751,30.84684678,,,,,,2.2363155,4.607166,27,50.0223699,114.55505,0.038673889,0.066579069,26.1625,2.886325005,0.950847289,8.45,0,,0.754950209,0.114465146,0.036415034,0.004570495,0.22222222,,0.114465146,3.97666667,148.1103283,0.950847289,8.818330765
28,Upper,UpperA,1.29,8.83,6.63,0.708222812,9.1,6.444827586,8.86,6.274854114,11.06,13.19,32.40540189,0.646465182,9.722034454,0.546317491,0.057946832,8.881538199,39.76130836,332.2597588,222.5449445,868.5161927,4.24333333,273.9501811,36.60063,0.09619042,0.015334921,0,0,0.375,0.25,0,0,0,0,0.125,0,0,0,0,0.125,0,0.125,0,0.684530349,12.35550744,,,,,,1.6944887,3.485113,28,85.3903587,172.0249,0.048992902,0.063634859,23.8875,2.424829388,0.961090243,9.9,0,,0.823580465,0.084951456,0.029199765,0.010378691,0.25,,0.084951456,4.24333333,273.9501811,0.961090243,9.722034454
29,Upper,UpperA,1.3,11.8,8.47,0.682857143,7.87,5.374085714,8.39,5.72917143,8.29,11.24,41.79522412,0.76018703,10.72282505,0.386963607,0.048236403,6.202001561,37.23953271,275.7570747,163.1552355,888.3963102,4.32666667,412.2444673,35.86799175,0.105609252,0.011195962,0,0,0.545454545,0.181818182,0,0,0,0,0,0,0,0.090909091,0,0.181818182,0,0,0,0.714953452,12.35550744,,,,,,2.8391933,5.0056,29,89.13935114,185.0245,0.013475383,0.025308056,25.12857,1.684391757,0.951758634,10.8,0,,0.722146119,0.12345075,0.047733203,0.002877876,0.18181818,,0.12345075,4.32666667,412.2444673,0.951758634,10.72282505
30,Upper,UpperA,1.31,12.76,9.11,0.681222707,9.83,6.696419214,9.31,6.342183402,8.57,12.51,32.0369078,0.687249839,9.716094971,0.565090654,0.042363169,5.943371664,36.11146984,266.0632499,92.239231,635.6747593,4.30333333,241.2608086,34.95048659,0.074118755,0.009827285,0,0,0.285714286,0,0,0.285714286,0,0,0.285714286,0,0,0,0,0.142857143,0,0,0,0.706528592,24.05550987,,,,,,1.787816,5.280339,30,0,0,0,0,25.4625,1.587301307,0.924114885,,0,,0.804874203,0.098960081,0.028121436,0.004736189,0.28571429,,0.098960081,4.30333333,241.2608086,0.924114885,9.716094971
31,Upper,UpperA,1.29,13.36,9.31,0.664457332,8.73,5.80071251,7.81,5.189411763,9.26,14.35,44.00052728,NA,NA,0.603796486,0.051159716,,66.09250543,261.062545,79.28522876,716.6833778,4.15333333,310.2430986,37.27609594,0.083595018,0.014089028,,,,,,,,,,,,,,,,,,0.048921513,9.657265843,,,,,,3.0550149,4.42373,,,,,,21.0875,1.489771258,0.930285492,,0,,0.815081327,0.091125569,0.033464541,0.004033445,0.04255319,,0.091125569,4.15333333,310.2430986,0.930285492,NA
32,Upper,UpperA,1.31,11.24,6.89,0.561933535,9.67,5.433897281,8.95,5.029305138,7.98,13.85,36.65073197,0.812436998,12.34071255,0.01036814,0.050883773,4.717390134,32.56278253,272.9819415,101.815989,801.4602813,4.40666667,394.0995683,34.50448623,0.098088296,0.024538948,0,0.1,0.1,0.4,0.2,0,0.1,0,0,0,0,0,0,0.1,0,0,0,0.717761738,6.242542009,,,,,,1.3857653,4.61213,32,347.3959844,613.9799,0.128479316,0.153715838,26.45,2.694205023,0.966208827,13.1,0,,0.73717103,0.146732404,0.032074124,0.001519807,0.2,,0.146732404,4.40666667,394.0995683,0.966208827,12.34071255
33,Upper,UpperA,1.29,11.86,7.79,0.614947966,8.35,5.134815516,7.88,4.845789972,9.34,11.95,40.8111829,0.714104593,10.05654049,0.319104541,0.054778911,6.766351001,31.7708651,265.0756282,95.33001623,656.6476964,4.60333333,264.4711868,31.44127261,0.085278755,0.015825532,,,,,,,,,,,,,,,,,,0.816519812,9.131337396,41.47170001,36.63542326,-4.836276741,33.58002193,40.00940695,2.0322059,3.253707,,,,,,34.8,2.226602913,0.94821768,,0,,0.884489319,0.032436582,0.007269693,0.002937361,,,0.032436582,4.60333333,264.4711868,0.94821768,10.05654049
34,Upper,UpperA,1.3,13.58,9.85,0.696254072,8.65,6.02259772,8.65,6.022597723,10.4,12.26,32.59617418,0.468584627,5.640064716,0.354168588,0.079234253,19.79735347,42.70083303,247.2244886,69.87736611,866.4272838,5.01,506.6245961,27.70668684,0.138114198,0.028530209,0,0.2,0.1,0.2,0.3,0,0.1,0,0,0,0,0.1,0,0,0,0,0,0.657851627,6.349252129,,,,,,1.5595547,3.602512,34,79.0872111,158.82905,0.007029411,0.012894957,24.75,2.334712604,0.866811925,9.25,0,,0.8193356,0.074014215,0.02407293,0.003347487,0.2,,0.074014215,5.01,506.6245961,0.866811925,5.640064716
35,Upper,UpperA,1.3,11.64,8.16,0.66344294,9.26,6.143481625,9.26,6.143481624,10.91,12.08,28.14792101,0.517587125,6.347381592,0.149631002,0.08283708,16.93567858,50.37797249,224.865635,75.81191248,1094.584673,5.11,743.5291533,27.72365777,0.18192613,0.027755804,0,0,0,0.4,0.1,0,0.2,0,0,0.1,0.1,0,0,0,0,0,0.1,0.66768063,11.69238027,-0.009993367,33.85499571,33.86498908,8.400669746,56.86853215,2.2111819,3.163007,35,133.2695126,288.9742,0.022982458,0.042586913,27.025,2.921627392,0.890528027,9.45,0,,0.827811634,0.075669437,0.020212373,0.001148447,0.2,,0.075669437,5.11,743.5291533,0.890528027,6.347381592
36,Upper,UpperA,1.28,12.79,8.93,0.664639444,9.79,6.506820156,9.37,6.22767159,9.04,14.52,23.77617809,0.781122208,9.551564217,0.745438993,0.039551391,5.421751339,67.89915498,250.1333946,62.51490556,782.892479,4.58,402.3450238,32.53072303,0.107305424,0.016558731,0.076923077,0.230769231,0.076923077,0.384615385,0.076923077,0,0,0,0,0,0,0.153846154,0,0,0,0,0,0.748184842,6.882802728,27.1515942,27.67252126,0.520927059,9.465482742,6.011678334,1.4402627,3.848068,36,471.823579,820.01885,0.308028851,0.321326513,28.075,0.083201868,NA,13.62,NA,,0.720162369,0.157338427,0.033441579,0.003530905,0.14285714,,0.157338427,4.58,402.3450238,NA,9.551564217
37,Upper,UpperA,1.29,12.79,7.99,0.582608696,8.27,4.818173913,7.48,4.357913046,7.99,12.45,58.60497708,0.553344309,7.161242485,NA,0.07200373,11.1827729,35.34504835,261.2056945,83.39909873,748.1658305,4.36,368.2159889,34.84798498,0.090908699,0.018247569,,,,,,,,,,,,,,,,,,0.814179573,8.704496916,30.18521045,33.99045445,3.805244004,7.146838754,19.71377502,1.1895586,3.417692,,,,,,33.9625,2.664981801,0.911126234,,0,,0.7973864,0.107943925,0.056667741,0.003094239,0.14285714,,0.107943925,4.36,368.2159889,0.911126234,7.161242485
38,Upper,UpperA,1.29,10.4,7.03,0.630076839,9.09,5.727398463,8.47,5.336750826,10.64,11.52,54.60312244,0.571226954,8.18083477,0.194032572,0.036625789,5.475306311,38.39054712,272.9247862,94.24137958,840.613962,4.67,435.0572491,31.56475974,0.114202033,0.018520823,,,,,,,,,,,,,,,,,,0.618535617,6.616027429,,,,,,2.5132261,3.823826,,,,,,39.3875,1.067769114,0.840904978,,0,,0.705080123,0.145612001,0.03326628,0.000209574,0.33333333,,0.145612001,4.67,435.0572491,0.840904978,8.18083477
39,Upper,UpperA,1.29,11.61,7.95,0.645348837,8.92,5.756511628,8.64,5.575813952,9.91,12.64,47.30128896,0.743806958,10.55324173,0.281460301,0.039541976,5.109360022,59.19286269,248.1753285,86.61020014,1090.404755,4.90666667,696.4263633,30.10831872,0.165679087,0.039262548,,,,,,,,,,,,,,,,,,0.687338635,9.199936758,,,,,,2.1997622,4.450295,,,,,,33.0625,0.084448285,NA,,NA,,0.76313645,0.102713203,0,0.003994033,0.04347826,,0.102713203,4.90666667,696.4263633,NA,10.55324173
40,Upper,UpperA,1.3,13.37,8.84,0.624689312,8.84,5.522253521,9.27,5.790869922,8.67,14.28,54.97027109,0.864759266,10.97693634,NA,0.050053891,5.625846463,32.00897808,206.8421099,79.0787922,619.2611871,4.45333333,301.3313069,33.20758328,0.079728272,0.028979124,,,,,,,,,,,,,,,,,,0.867537016,8.361500103,,,,,,1.949715,4.972124,,,,,,26.0875,3.052341722,0.949490737,,0,,0.77400203,0.116975643,0.032598106,0.00155941,0.04878049,,0.116975643,4.45333333,301.3313069,0.949490737,10.97693634
41,Upper,UpperB,1.29,11.39,7.7,0.634653465,8.47,5.375514851,7.69,4.880485146,10.39,12.1,61.30230035,0.456100821,5.697829247,0.009564172,0.067580098,14.84406871,35.61645147,228.2656419,90.04200107,645.919511,4.22,291.9954166,36.09356432,0.075735505,0.507286678,,,,,,,,,,,,,,,,,,0.741632173,10.53381326,,,,,,1.5455516,8.021073,41,122.8150011,213.71625,0.019952949,0.03165245,25.87143,2.248639077,0.807282627,,0,,0.770223411,0.137070485,0.036107615,0.003330092,0.18181818,,0.137070485,4.22,291.9954166,0.807282627,5.697829247
42,Upper,UpperB,1.3,8.94,5.85,0.595549738,8.38,4.990706806,8.31,4.949018323,11.19,11.77,69.57601625,0.93843168,14.23379421,0.178192551,0.043830707,3.687974461,57.14829245,305.709148,102.5925021,837.160046,3.98,371.7101034,39.80471025,0.089554986,0.029169189,,,,,,,,,,,,,,,,,,0.814647621,32.85909475,,,,,,1.5506338,4.055238,,,,,,26.2125,0.036164628,NA,,NA,,0.74732852,0.142438464,0.037197243,0.00198282,0.25,,0.142438464,3.98,371.7101034,NA,14.23379421
43,Upper,UpperB,1.3,10.3,7.18,0.653333333,8.53,5.572933333,9.34,6.10213333,7.82,12.1,49.1376713,0.558036566,8.453521729,0.085580566,0.041130254,6.316207633,49.30003629,224.3961084,93.52549244,679.2988241,4.20666667,312.077187,36.47322674,0.080969715,0.022583156,,,,,,,,,,,,,,,,,,0.662064057,46.99056348,57.43504689,34.70462427,-22.73042262,7.606096192,49.43286089,1.4138226,4.689197,43,252.8824184,386.8794,0.101685199,0.114092049,31.64286,2.688568362,0.926552127,,0,,0.726783847,0.163227775,0.04399477,0.003350515,0.28571429,,0.163227775,4.20666667,312.077187,0.926552127,8.453521729
44,Upper,UpperB,1.3,13.25,9.37,0.675313808,8.32,5.618610879,8.6,5.807698749,9.98,13.77,45.86354999,0.659802258,9.90408802,NA,0.066488477,9.262023727,32.38488991,168.2015929,62.78759313,520.9347215,4.12,257.5606456,36.82195298,0.061429468,0.016722265,,,,,,,,,,,,,,,,,,0.77345942,6.898047031,,,,,,1.0924553,6.549684,,,,,,25.41667,2.47859475,0.960361407,,0,,0.731403567,0.121988111,0.050726552,0.00525152,0.33333333,,0.121988111,4.12,257.5606456,0.960361407,9.90408802
45,Upper,UpperB,1.3,11.58,8.39,0.689688716,8.09,5.579581712,8.58,5.917529183,10.27,11.06,52.39072147,0.506547689,6.94092989,0.338441451,,,44.94034065,231.7993968,89.82182151,733.8836515,4.28,367.3220925,35.83600039,0.089184071,0.015208846,,,,,,,,,,,,,,,,,,0.688742778,6.372118583,,,,,,2.1192281,5.665453,,,,,,23.225,0.307009104,0.809178171,,2.685129689,,0.819624183,0.09329085,0.025630719,0.005676671,0.0952381,,0.09329085,4.28,367.3220925,0.809178171,6.94092989
46,Upper,UpperB,1.29,8.88,5.26,0.523056653,7.51,3.928155468,7.84,4.10076416,8.64,13.94,75.23852325,0.792887092,11.60870743,0.487965285,,,NA,NA,NA,NA,4.32,NA,39.92815827,0.194553383,0.041786722,,,,,,,,,,,,,,,,,,0.875493828,65.77154456,,,,,,0.7311502,7.369389,,,,,,24.98,0,NA,,NA,,0.851724704,0.047000657,0.008876478,0.002952623,0.125,,0.047000657,4.32,NA,NA,11.60870743
47,Upper,UpperB,1.31,10.17,6.09,0.539503386,8.38,4.521038375,8.1,4.369977427,8.71,12.21,52.79655407,1.339398265,18.55317497,0.222391597,0.036856896,2.198165334,69.63223883,245.6682444,97.05967393,772.3340323,3.93333333,359.9738751,40.23205523,0.085306484,4.137472999,,,,,,,,,,,,,,,,,,0.7879689,7.561174204,56.8519341,38.65345733,-18.19847678,19.60893881,269.9012836,2.0070118,5.505434,,,,,,30.325,0.018954846,NA,,NA,,0.758877285,0.091488251,0.047127937,0.00281696,,,0.091488251,3.93333333,359.9738751,NA,18.55317497
48,Upper,UpperB,1.33,10.82,7.19,0.617492097,8.24,5.088134879,8.16,5.038735512,10.11,12.77,41.27448326,0.861648977,12.22379303,0.23645085,0.241920631,11.3042058,62.98141693,203.930621,99.15897454,771.4843956,4.40333333,405.4133831,34.6659371,0.101134928,0.033353732,,,,,,,,,,,,,,,,,,0.835241722,8.117591257,,,,,,1.8650693,6.009381,,,,,,28.6875,1.347781962,0.826619584,,0,,0.824390095,0.084701926,0.021403241,0.004156687,,,0.084701926,4.40333333,405.4133831,0.826619584,12.22379303